item_id	citation	title	authority_tier	validity	validity_note	version_id	lang	source_url	retrieved	media_type	bytes	sha256
about	EUDI ARF v3.0.0 — about.md	About	commentary	in-force		v3.0.0@c64f2cbb19ae	eng	https://github.com/eu-digital-identity-wallet/eudi-doc-architecture-and-reference-framework/blob/v3.0.0/docs/about.md	2026-07-31	text/markdown	6154	74545ebe216bfe6b97a4026b052157bca450624893556bbb8e783a1ef6e37776
annexes__README	EUDI ARF v3.0.0 — annexes/README.md	Architecture and Reference Annexes	commentary	in-force		v3.0.0@c64f2cbb19ae	eng	https://github.com/eu-digital-identity-wallet/eudi-doc-architecture-and-reference-framework/blob/v3.0.0/docs/annexes/README.md	2026-07-31	text/markdown	2605	65f5c2a21ccc44310c15fd92ad75a97abd09b88cc8bffed11ef387226c7e4eb3
annexes__annex-1__annex-1-definitions	EUDI ARF v3.0.0 — annexes/annex-1/annex-1-definitions.md	ANNEX 1 - Definitions	commentary	in-force		v3.0.0@c64f2cbb19ae	eng	https://github.com/eu-digital-identity-wallet/eudi-doc-architecture-and-reference-framework/blob/v3.0.0/docs/annexes/annex-1/annex-1-definitions.md	2026-07-31	text/markdown	25923	ecd5d64c87a7728ed8a292ad40ec562119727327dd977300252c0428a3821796
annexes__annex-2__annex-2.01-high-level-requirements	EUDI ARF v3.0.0 — annexes/annex-2/annex-2.01-high-level-requirements.md	ANNEX 2.01 - High-Level Requirements <!-- omit from toc -->	commentary	in-force		v3.0.0@c64f2cbb19ae	eng	https://github.com/eu-digital-identity-wallet/eudi-doc-architecture-and-reference-framework/blob/v3.0.0/docs/annexes/annex-2/annex-2.01-high-level-requirements.md	2026-07-31	text/markdown	4350	8d1fcbbcbe4da0ecee771497d7634b94527479ab6fff1c837889c5b8aeb8bcfd
annexes__annex-2__annex-2.02-high-level-requirements-by-topic	EUDI ARF v3.0.0 — annexes/annex-2/annex-2.02-high-level-requirements-by-topic.md	ANNEX 2.02 - High-Level Requirements by topic <!-- omit from toc -->	commentary	in-force		v3.0.0@c64f2cbb19ae	eng	https://github.com/eu-digital-identity-wallet/eudi-doc-architecture-and-reference-framework/blob/v3.0.0/docs/annexes/annex-2/annex-2.02-high-level-requirements-by-topic.md	2026-07-31	text/markdown	395792	ed18af764d028e9b4675d93e291602fca899eec85c54f36b16b60583028244f6
annexes__annex-2__annex-2.03-high-level-requirements-by-category	EUDI ARF v3.0.0 — annexes/annex-2/annex-2.03-high-level-requirements-by-category.md	ANNEX 2.03 - High-Level Requirements by category<!-- omit from toc -->	commentary	in-force		v3.0.0@c64f2cbb19ae	eng	https://github.com/eu-digital-identity-wallet/eudi-doc-architecture-and-reference-framework/blob/v3.0.0/docs/annexes/annex-2/annex-2.03-high-level-requirements-by-category.md	2026-07-31	text/markdown	434339	7f37c59194ca856cf215729cc06f2a6e6fabac89d22be8e21dbe3d6763cf3423
annexes__annex-3__annex-3.01-pid-rulebook	EUDI ARF v3.0.0 — annexes/annex-3/annex-3.01-pid-rulebook.md	ANNEX 3.01 - PID Rulebook { #pid-rulebook }	commentary	in-force		v3.0.0@c64f2cbb19ae	eng	https://github.com/eu-digital-identity-wallet/eudi-doc-architecture-and-reference-framework/blob/v3.0.0/docs/annexes/annex-3/annex-3.01-pid-rulebook.md	2026-07-31	text/markdown	400	6b332254bd18bb51d48eb23f9a38c5d4a754a9beada9497a0c2be3ba43356042
annexes__annex-3__annex-3.02-mDL-rulebook	EUDI ARF v3.0.0 — annexes/annex-3/annex-3.02-mDL-rulebook.md	ANNEX 3.02 - mDL Rulebook { #mdl-rulebook }	commentary	in-force		v3.0.0@c64f2cbb19ae	eng	https://github.com/eu-digital-identity-wallet/eudi-doc-architecture-and-reference-framework/blob/v3.0.0/docs/annexes/annex-3/annex-3.02-mDL-rulebook.md	2026-07-31	text/markdown	399	e923321c383c569d72a92d20b09c8c674e03ed58d1d82fe57585db6625083aad
annexes__annex-5__annex-5.01-design-guide	EUDI ARF v3.0.0 — annexes/annex-5/annex-5.01-design-guide.md	EUDI Wallet - Design Guide	commentary	in-force		v3.0.0@c64f2cbb19ae	eng	https://github.com/eu-digital-identity-wallet/eudi-doc-architecture-and-reference-framework/blob/v3.0.0/docs/annexes/annex-5/annex-5.01-design-guide.md	2026-07-31	text/markdown	20363	1ba18670f0c4cdeb0b8951d438a13b2c4f561b73bd48371cb8d2c6554b58a023
annexes__annex-5__annex-5.02-design-guide-data-sharing-scenarios	EUDI ARF v3.0.0 — annexes/annex-5/annex-5.02-design-guide-data-sharing-scenarios.md	EUDI WALLET DESIGN GUIDE - DATA SHARING SCENARIOS	commentary	in-force		v3.0.0@c64f2cbb19ae	eng	https://github.com/eu-digital-identity-wallet/eudi-doc-architecture-and-reference-framework/blob/v3.0.0/docs/annexes/annex-5/annex-5.02-design-guide-data-sharing-scenarios.md	2026-07-31	text/markdown	19847	21fe8db3e540e35af9898c4409b6f6efe8d16e20ee0b3780d1832f2e3a0efdd6
discussion-topics__README	EUDI ARF v3.0.0 — discussion-topics/README.md	Discussion topics	commentary	in-force		v3.0.0@c64f2cbb19ae	eng	https://github.com/eu-digital-identity-wallet/eudi-doc-architecture-and-reference-framework/blob/v3.0.0/docs/discussion-topics/README.md	2026-07-31	text/markdown	9668	7da16ca48ae42980e462ddbd40daa868f4dd02ea12c1f4962d45709ed2b45d68
discussion-topics__a-privacy-risks-and-mitigations	EUDI ARF v3.0.0 — discussion-topics/a-privacy-risks-and-mitigations.md	A - Privacy risks and mitigation	commentary	in-force		v3.0.0@c64f2cbb19ae	eng	https://github.com/eu-digital-identity-wallet/eudi-doc-architecture-and-reference-framework/blob/v3.0.0/docs/discussion-topics/a-privacy-risks-and-mitigations.md	2026-07-31	text/markdown	49669	08b9ddef1d25a6cae8c69c9e582e9f3851a8138e975de9a40df1d68fcdfb7842
discussion-topics__aa-support-of-electronic-payments-SCA-with-wallet	EUDI ARF v3.0.0 — discussion-topics/aa-support-of-electronic-payments-SCA-with-wallet.md	AA - Support of Electronic Payments Customer Authentication (SCA) with the Wallet	commentary	in-force		v3.0.0@c64f2cbb19ae	eng	https://github.com/eu-digital-identity-wallet/eudi-doc-architecture-and-reference-framework/blob/v3.0.0/docs/discussion-topics/aa-support-of-electronic-payments-SCA-with-wallet.md	2026-07-31	text/markdown	27871	bf98e0d5349809d22343ce723108ab4e122be42b7961858b8e28ad87e9994393
discussion-topics__ab-digital-signature-using-wallet	EUDI ARF v3.0.0 — discussion-topics/ab-digital-signature-using-wallet.md	Topic AB - Digital Signature using the EUDI Wallet (New)	commentary	in-force		v3.0.0@c64f2cbb19ae	eng	https://github.com/eu-digital-identity-wallet/eudi-doc-architecture-and-reference-framework/blob/v3.0.0/docs/discussion-topics/ab-digital-signature-using-wallet.md	2026-07-31	text/markdown	49424	e1cf06d2298fa07cf8357e43dc17d0e1b5cbce2bfd1d2f6aa08a7e5722e67208
discussion-topics__b-re-issuance-and-batch-issuance-of-pids-and-attestations	EUDI ARF v3.0.0 — discussion-topics/b-re-issuance-and-batch-issuance-of-pids-and-attestations.md	B - Re-issuance and batch issuance of PIDs and Attestations	commentary	in-force		v3.0.0@c64f2cbb19ae	eng	https://github.com/eu-digital-identity-wallet/eudi-doc-architecture-and-reference-framework/blob/v3.0.0/docs/discussion-topics/b-re-issuance-and-batch-issuance-of-pids-and-attestations.md	2026-07-31	text/markdown	33170	b1fb8ed6be97718f4d6cae5950670c26e652d755da1a2482c41e5c8e6633da53
discussion-topics__c-rr-wallet-unit-attestations	EUDI ARF v3.0.0 — discussion-topics/c-rr-wallet-unit-attestations.md	Topic C - Wallet Unit Attestations (WUA) (Revision Round)	commentary	in-force		v3.0.0@c64f2cbb19ae	eng	https://github.com/eu-digital-identity-wallet/eudi-doc-architecture-and-reference-framework/blob/v3.0.0/docs/discussion-topics/c-rr-wallet-unit-attestations.md	2026-07-31	text/markdown	76728	02d49b93a1ba89efbae6dad01232cd4dd7804d1406079cdd34aa8dc039beeffd
discussion-topics__c-wallet-unit-attestation	EUDI ARF v3.0.0 — discussion-topics/c-wallet-unit-attestation.md	C - Wallet Unit Attestation (WUA) and Key Attestation	commentary	in-force		v3.0.0@c64f2cbb19ae	eng	https://github.com/eu-digital-identity-wallet/eudi-doc-architecture-and-reference-framework/blob/v3.0.0/docs/discussion-topics/c-wallet-unit-attestation.md	2026-07-31	text/markdown	56295	941057412bb52d762f0fa50289df2f10c96c2d314009f7633f1cbf23c8893d6c
discussion-topics__d-embedded-disclosure-policies	EUDI ARF v3.0.0 — discussion-topics/d-embedded-disclosure-policies.md	D - Embedded Disclosure Policies	commentary	in-force		v3.0.0@c64f2cbb19ae	eng	https://github.com/eu-digital-identity-wallet/eudi-doc-architecture-and-reference-framework/blob/v3.0.0/docs/discussion-topics/d-embedded-disclosure-policies.md	2026-07-31	text/markdown	12952	33c22f57c54869629e6ae45011122ffb2af14c8c436fa2acc9ff3adfe0d04259
discussion-topics__e-pseudonyms-including-user-authentication-mechanism	EUDI ARF v3.0.0 — discussion-topics/e-pseudonyms-including-user-authentication-mechanism.md	E - Pseudonyms, including User authentication mechanism	commentary	in-force		v3.0.0@c64f2cbb19ae	eng	https://github.com/eu-digital-identity-wallet/eudi-doc-architecture-and-reference-framework/blob/v3.0.0/docs/discussion-topics/e-pseudonyms-including-user-authentication-mechanism.md	2026-07-31	text/markdown	70477	37802034e727216e51d7d82ae86533346e62fb7b9dd7857802224bdb1b120d63
discussion-topics__e-rr-pseudonyms-including-user-authentication-mechanism	EUDI ARF v3.0.0 — discussion-topics/e-rr-pseudonyms-including-user-authentication-mechanism.md	Topic E - Pseudonyms, including User authentication mechanism (Refinement Round)	commentary	in-force		v3.0.0@c64f2cbb19ae	eng	https://github.com/eu-digital-identity-wallet/eudi-doc-architecture-and-reference-framework/blob/v3.0.0/docs/discussion-topics/e-rr-pseudonyms-including-user-authentication-mechanism.md	2026-07-31	text/markdown	53608	3b4319309c3d9c2c56f73221aab18bf0c69b2b6bd71fbbf83888270d27f2a7bd
discussion-topics__f-digital-credential-api	EUDI ARF v3.0.0 — discussion-topics/f-digital-credential-api.md	Topic F - Digital Credentials API	commentary	in-force		v3.0.0@c64f2cbb19ae	eng	https://github.com/eu-digital-identity-wallet/eudi-doc-architecture-and-reference-framework/blob/v3.0.0/docs/discussion-topics/f-digital-credential-api.md	2026-07-31	text/markdown	39735	c39c4b51d2f46a1d5b72bcee85fc4ad036cdae2f70833a1fbd47e5e36d789d1f
discussion-topics__g-zero-knowledge-proof	EUDI ARF v3.0.0 — discussion-topics/g-zero-knowledge-proof.md	G - Zero Knowledge Proof	commentary	in-force		v3.0.0@c64f2cbb19ae	eng	https://github.com/eu-digital-identity-wallet/eudi-doc-architecture-and-reference-framework/blob/v3.0.0/docs/discussion-topics/g-zero-knowledge-proof.md	2026-07-31	text/markdown	33216	851214e127b6898bda6f5bc189bd30576b181a935595f0a6905eaba89df21933
discussion-topics__h-transaction-logs-kept-by-the-wallet	EUDI ARF v3.0.0 — discussion-topics/h-transaction-logs-kept-by-the-wallet.md	Topic H - Transaction logs kept by the Wallet	commentary	in-force		v3.0.0@c64f2cbb19ae	eng	https://github.com/eu-digital-identity-wallet/eudi-doc-architecture-and-reference-framework/blob/v3.0.0/docs/discussion-topics/h-transaction-logs-kept-by-the-wallet.md	2026-07-31	text/markdown	41246	015ae5a7fd473f31459bf788ae211d4e884427f02df09020897a3ff9a7b26d07
discussion-topics__i-natural-person-representing-another-natural-person	EUDI ARF v3.0.0 — discussion-topics/i-natural-person-representing-another-natural-person.md	I - Natural person representing another natural person	commentary	in-force		v3.0.0@c64f2cbb19ae	eng	https://github.com/eu-digital-identity-wallet/eudi-doc-architecture-and-reference-framework/blob/v3.0.0/docs/discussion-topics/i-natural-person-representing-another-natural-person.md	2026-07-31	text/markdown	8536	172fa04da371e1ce384826dddd280d040d2ba17a7b7c2a23d4bb615660fa16f0
discussion-topics__j-rr-wallet-to-wallet-interactions	EUDI ARF v3.0.0 — discussion-topics/j-rr-wallet-to-wallet-interactions.md	Topic J - Wallet to Wallet Interactions (Revision Round)	commentary	in-force		v3.0.0@c64f2cbb19ae	eng	https://github.com/eu-digital-identity-wallet/eudi-doc-architecture-and-reference-framework/blob/v3.0.0/docs/discussion-topics/j-rr-wallet-to-wallet-interactions.md	2026-07-31	text/markdown	48931	e922c43aa1fa40c25e7f88ad783d0af99cdd53def8598856eeb51e92eabf4d41
discussion-topics__j-wallet-to-wallet-interactions	EUDI ARF v3.0.0 — discussion-topics/j-wallet-to-wallet-interactions.md	J - Wallet to Wallet Interactions	commentary	in-force		v3.0.0@c64f2cbb19ae	eng	https://github.com/eu-digital-identity-wallet/eudi-doc-architecture-and-reference-framework/blob/v3.0.0/docs/discussion-topics/j-wallet-to-wallet-interactions.md	2026-07-31	text/markdown	24085	de2ab4a21878ae74aff04d0dfb81da557d4500adc61e84ee076aa50279d4c2ca
discussion-topics__k-combined-presentation-of-attestations	EUDI ARF v3.0.0 — discussion-topics/k-combined-presentation-of-attestations.md	K - Combined presentation of Attestations	commentary	in-force		v3.0.0@c64f2cbb19ae	eng	https://github.com/eu-digital-identity-wallet/eudi-doc-architecture-and-reference-framework/blob/v3.0.0/docs/discussion-topics/k-combined-presentation-of-attestations.md	2026-07-31	text/markdown	17536	a42c48581d0214532e454dedbd7f2c5bcd76d9cb5e700390c5a6586b85b11f11
discussion-topics__l+m-data-deletion-and-reporting-of-wrp-to-dpa	EUDI ARF v3.0.0 — discussion-topics/l+m-data-deletion-and-reporting-of-wrp-to-dpa.md	L+M - Requesting erasure of personal data at a wallet-relying party and reporting a wallet-relying party to the competent data protection supervisory authority	commentary	in-force		v3.0.0@c64f2cbb19ae	eng	https://github.com/eu-digital-identity-wallet/eudi-doc-architecture-and-reference-framework/blob/v3.0.0/docs/discussion-topics/l+m-data-deletion-and-reporting-of-wrp-to-dpa.md	2026-07-31	text/markdown	61886	3cc12eedd77e93e93fdcfff76687bb9642eaeb3fcc96335973f8ab248e4c6cc1
discussion-topics__n-export-and-data-portability	EUDI ARF v3.0.0 — discussion-topics/n-export-and-data-portability.md	Topic N - Export and data portability	commentary	in-force		v3.0.0@c64f2cbb19ae	eng	https://github.com/eu-digital-identity-wallet/eudi-doc-architecture-and-reference-framework/blob/v3.0.0/docs/discussion-topics/n-export-and-data-portability.md	2026-07-31	text/markdown	35457	bad0488a115ab78ef2527c4ffbfc28b1a00d78f24c9f1a743177c39c2679a3e9
discussion-topics__o-catalogues-for-attestations	EUDI ARF v3.0.0 — discussion-topics/o-catalogues-for-attestations.md	Topic O - Catalogues for Attestations	commentary	in-force		v3.0.0@c64f2cbb19ae	eng	https://github.com/eu-digital-identity-wallet/eudi-doc-architecture-and-reference-framework/blob/v3.0.0/docs/discussion-topics/o-catalogues-for-attestations.md	2026-07-31	text/markdown	14680	67bed046f44c13c5bb551a1c6ec87018e924b7323775b4184157440e95b951b1
discussion-topics__p-secure-cryptographic-interface-between-the-Wallet-Instance-and-WSCA	EUDI ARF v3.0.0 — discussion-topics/p-secure-cryptographic-interface-between-the-Wallet-Instance-and-WSCA.md	Topic P - Secure Cryptographic Interface between the Wallet Instance and WSCA	commentary	in-force		v3.0.0@c64f2cbb19ae	eng	https://github.com/eu-digital-identity-wallet/eudi-doc-architecture-and-reference-framework/blob/v3.0.0/docs/discussion-topics/p-secure-cryptographic-interface-between-the-Wallet-Instance-and-WSCA.md	2026-07-31	text/markdown	12998	c81e5106b766f2f2b22e2b7468658f9b6a7d94ee8752210d065da70987886f7b
discussion-topics__q-interface-user-wallet-instance	EUDI ARF v3.0.0 — discussion-topics/q-interface-user-wallet-instance.md	Topic Q - Interface between the User and the Wallet Instance	commentary	in-force		v3.0.0@c64f2cbb19ae	eng	https://github.com/eu-digital-identity-wallet/eudi-doc-architecture-and-reference-framework/blob/v3.0.0/docs/discussion-topics/q-interface-user-wallet-instance.md	2026-07-31	text/markdown	8645	30cf039789744b053046d4cfb60cd26813d02b67e8d6080822aba9eb9bcb8693
discussion-topics__r-authentication-of-user-to-device	EUDI ARF v3.0.0 — discussion-topics/r-authentication-of-user-to-device.md	Topic R - Authentication of the User to the device	commentary	in-force		v3.0.0@c64f2cbb19ae	eng	https://github.com/eu-digital-identity-wallet/eudi-doc-architecture-and-reference-framework/blob/v3.0.0/docs/discussion-topics/r-authentication-of-user-to-device.md	2026-07-31	text/markdown	31915	a537957e1a8fe1bd651adeef5a33a1fd7dcd9d5eccd5005868683bdd5d4fad8b
discussion-topics__s-certificate-transparancy	EUDI ARF v3.0.0 — discussion-topics/s-certificate-transparancy.md	Topic S - Certificate Transparency	commentary	in-force		v3.0.0@c64f2cbb19ae	eng	https://github.com/eu-digital-identity-wallet/eudi-doc-architecture-and-reference-framework/blob/v3.0.0/docs/discussion-topics/s-certificate-transparancy.md	2026-07-31	text/markdown	14285	de0cd333f15f172b73de0f41e7c6321bb16a11c2aace9454ec40460189806810
discussion-topics__t-support-and-maintenance-by-the-wallet-provider	EUDI ARF v3.0.0 — discussion-topics/t-support-and-maintenance-by-the-wallet-provider.md	T - Support and Maintenance by the Wallet Provider	commentary	in-force		v3.0.0@c64f2cbb19ae	eng	https://github.com/eu-digital-identity-wallet/eudi-doc-architecture-and-reference-framework/blob/v3.0.0/docs/discussion-topics/t-support-and-maintenance-by-the-wallet-provider.md	2026-07-31	text/markdown	37488	5857b7ef151bc36e6d6de7d89d384dbca5759c007735cc937d831ad2918211b2
discussion-topics__u-eudi-wallet-trust-mark	EUDI ARF v3.0.0 — discussion-topics/u-eudi-wallet-trust-mark.md	Topic U - EUDI Wallet Trust Mark	commentary	in-force		v3.0.0@c64f2cbb19ae	eng	https://github.com/eu-digital-identity-wallet/eudi-doc-architecture-and-reference-framework/blob/v3.0.0/docs/discussion-topics/u-eudi-wallet-trust-mark.md	2026-07-31	text/markdown	21485	9b57b99e781bc657b3a117f159a78ad4b1b48491e16d91a43243660e5a1ad448
discussion-topics__v-pid-rulebook	EUDI ARF v3.0.0 — discussion-topics/v-pid-rulebook.md	V - PID Rulebook	commentary	in-force		v3.0.0@c64f2cbb19ae	eng	https://github.com/eu-digital-identity-wallet/eudi-doc-architecture-and-reference-framework/blob/v3.0.0/docs/discussion-topics/v-pid-rulebook.md	2026-07-31	text/markdown	17152	f733ea03c0fdd41450cb176d5a39da2b3755905743a001f903ca5f80df874c7c
discussion-topics__w-transactional-data-for-payments-and-other-use-cases	EUDI ARF v3.0.0 — discussion-topics/w-transactional-data-for-payments-and-other-use-cases.md	Topic W - Transactional data for payments and other use cases	commentary	in-force		v3.0.0@c64f2cbb19ae	eng	https://github.com/eu-digital-identity-wallet/eudi-doc-architecture-and-reference-framework/blob/v3.0.0/docs/discussion-topics/w-transactional-data-for-payments-and-other-use-cases.md	2026-07-31	text/markdown	18498	43516aa662b4d3d1abca3ce7f29349b7a13a01728b1828f029afe91342c672f9
discussion-topics__x-relying-party-registration	EUDI ARF v3.0.0 — discussion-topics/x-relying-party-registration.md	Topic X - Relying Party Registration	commentary	in-force		v3.0.0@c64f2cbb19ae	eng	https://github.com/eu-digital-identity-wallet/eudi-doc-architecture-and-reference-framework/blob/v3.0.0/docs/discussion-topics/x-relying-party-registration.md	2026-07-31	text/markdown	109750	1fdc7dbf38bfc039b647754cfe7c9f0fc142f42f48a98769ef65aee9d1bb65ea
discussion-topics__x-rr-relying-party-registration	EUDI ARF v3.0.0 — discussion-topics/x-rr-relying-party-registration.md	Topic X - Relying Party Registration (Revision Round)	commentary	in-force		v3.0.0@c64f2cbb19ae	eng	https://github.com/eu-digital-identity-wallet/eudi-doc-architecture-and-reference-framework/blob/v3.0.0/docs/discussion-topics/x-rr-relying-party-registration.md	2026-07-31	text/markdown	107346	aa03cc464452afe5ac7e590dd20547321816961aacb0351b23caf992a447926e
discussion-topics__z-device-bound-attestations	EUDI ARF v3.0.0 — discussion-topics/z-device-bound-attestations.md	Topic Z - Device-bound Attestations	commentary	in-force		v3.0.0@c64f2cbb19ae	eng	https://github.com/eu-digital-identity-wallet/eudi-doc-architecture-and-reference-framework/blob/v3.0.0/docs/discussion-topics/z-device-bound-attestations.md	2026-07-31	text/markdown	16294	10148686c77a27b12b09bcad8541bb829115fb981de7584c5ad561219236a10a
index	EUDI ARF v3.0.0 — index.md	About the ARF	commentary	in-force		v3.0.0@c64f2cbb19ae	eng	https://github.com/eu-digital-identity-wallet/eudi-doc-architecture-and-reference-framework/blob/v3.0.0/docs/index.md	2026-07-31	text/markdown	613	2ba8f8625bcc93c5e0cd5351eea0f9bb81bda7a59abb64042a38ac5bdb7f19ee
main__01-introduction	EUDI ARF v3.0.0 — main/01-introduction.md	1 Introduction	commentary	in-force		v3.0.0@c64f2cbb19ae	eng	https://github.com/eu-digital-identity-wallet/eudi-doc-architecture-and-reference-framework/blob/v3.0.0/docs/main/01-introduction.md	2026-07-31	text/markdown	13627	89973fd747e07fbf8de681384169c4b9788b5f7f37735c1a10980102fe2ba69b
main__02-eudi-wallet-functionalities	EUDI ARF v3.0.0 — main/02-eudi-wallet-functionalities.md	2 EUDI Wallet functionalities	commentary	in-force		v3.0.0@c64f2cbb19ae	eng	https://github.com/eu-digital-identity-wallet/eudi-doc-architecture-and-reference-framework/blob/v3.0.0/docs/main/02-eudi-wallet-functionalities.md	2026-07-31	text/markdown	24687	9ef8061b703b2556c1f39ea3903593055fc813ac2887ef6772d996c611c57ef8
main__03-roles-within-the-eudi-wallet-ecosystem	EUDI ARF v3.0.0 — main/03-roles-within-the-eudi-wallet-ecosystem.md	3 Roles within the EUDI Wallet ecosystem	commentary	in-force		v3.0.0@c64f2cbb19ae	eng	https://github.com/eu-digital-identity-wallet/eudi-doc-architecture-and-reference-framework/blob/v3.0.0/docs/main/03-roles-within-the-eudi-wallet-ecosystem.md	2026-07-31	text/markdown	39553	98fdcebc9b8659ee5a77a0ca14888138d6f311b6387bc825afebcd391cb968e5
main__04-high-level-architecture	EUDI ARF v3.0.0 — main/04-high-level-architecture.md	4 High-level architecture	commentary	in-force		v3.0.0@c64f2cbb19ae	eng	https://github.com/eu-digital-identity-wallet/eudi-doc-architecture-and-reference-framework/blob/v3.0.0/docs/main/04-high-level-architecture.md	2026-07-31	text/markdown	75627	00413039fad130ac66a56b90e809c157a22b38c6ff8ed4a3939ed1e86fd1ddd9
main__05-data-model-and-data-exchange-protocols	EUDI ARF v3.0.0 — main/05-data-model-and-data-exchange-protocols.md	5 Data model and data exchange protocols	commentary	in-force		v3.0.0@c64f2cbb19ae	eng	https://github.com/eu-digital-identity-wallet/eudi-doc-architecture-and-reference-framework/blob/v3.0.0/docs/main/05-data-model-and-data-exchange-protocols.md	2026-07-31	text/markdown	36922	a2391c64ce6dafdbefcc32d505e2ad0e5e43b20563577e50bea9165ca3c79a7b
main__06-trust-model	EUDI ARF v3.0.0 — main/06-trust-model.md	6 Trust model	commentary	in-force		v3.0.0@c64f2cbb19ae	eng	https://github.com/eu-digital-identity-wallet/eudi-doc-architecture-and-reference-framework/blob/v3.0.0/docs/main/06-trust-model.md	2026-07-31	text/markdown	178584	668d65ccb9a4041e941ae75809d34825d6e9d5e0b00c66c5c50c04df000a5091
main__07-wallet-solution-certification-and-risk-management	EUDI ARF v3.0.0 — main/07-wallet-solution-certification-and-risk-management.md	7 Wallet Solution Certification and Risk Management	commentary	in-force		v3.0.0@c64f2cbb19ae	eng	https://github.com/eu-digital-identity-wallet/eudi-doc-architecture-and-reference-framework/blob/v3.0.0/docs/main/07-wallet-solution-certification-and-risk-management.md	2026-07-31	text/markdown	34136	7a433d102823a09e66f9662e868885d678ea6a24ab362cbcd82bd5190d9e5679
main__08-accessibility	EUDI ARF v3.0.0 — main/08-accessibility.md	8 Accessibility	commentary	in-force		v3.0.0@c64f2cbb19ae	eng	https://github.com/eu-digital-identity-wallet/eudi-doc-architecture-and-reference-framework/blob/v3.0.0/docs/main/08-accessibility.md	2026-07-31	text/markdown	3158	37767aedba914a15ea2d210569fe53da9cd24929310afe132fc326442bc38d26
main__09-document-development	EUDI ARF v3.0.0 — main/09-document-development.md	9 Document development	commentary	in-force		v3.0.0@c64f2cbb19ae	eng	https://github.com/eu-digital-identity-wallet/eudi-doc-architecture-and-reference-framework/blob/v3.0.0/docs/main/09-document-development.md	2026-07-31	text/markdown	2397	bafce58592387cc1786c6e2fa9249c9733052aca69be00271a84d5ddc1acdf53
main__10-references	EUDI ARF v3.0.0 — main/10-references.md	10 References	commentary	in-force		v3.0.0@c64f2cbb19ae	eng	https://github.com/eu-digital-identity-wallet/eudi-doc-architecture-and-reference-framework/blob/v3.0.0/docs/main/10-references.md	2026-07-31	text/markdown	35736	3edb9a3987a2c408c8b0066b4fa5329434e545227661080b2e7fa94e083b09cb
main__11-annexes	EUDI ARF v3.0.0 — main/11-annexes.md	11 Annexes	commentary	in-force		v3.0.0@c64f2cbb19ae	eng	https://github.com/eu-digital-identity-wallet/eudi-doc-architecture-and-reference-framework/blob/v3.0.0/docs/main/11-annexes.md	2026-07-31	text/markdown	2814	7bc5d5f455f7b0fd55ad1d90a587c5901b58a34593b4d96e6623ed1d549d22d8
main__index	EUDI ARF v3.0.0 — main/index.md	Architecture and Reference Framework	commentary	in-force		v3.0.0@c64f2cbb19ae	eng	https://github.com/eu-digital-identity-wallet/eudi-doc-architecture-and-reference-framework/blob/v3.0.0/docs/main/index.md	2026-07-31	text/markdown	836	5f2c6c37ed279a4079172baf79bf6eb33c74b9a754c0ac2fe420423dc9ac49bf
technical-specifications__README	EUDI ARF v3.0.0 — technical-specifications/README.md	Essential Standards and Technical Specifications (STS)	commentary	in-force		v3.0.0@c64f2cbb19ae	eng	https://github.com/eu-digital-identity-wallet/eudi-doc-architecture-and-reference-framework/blob/v3.0.0/docs/technical-specifications/README.md	2026-07-31	text/markdown	30011	5b80a71f12c8306d40de734b6b918f08bf297dec0b0ab7b4d647e59a6f85f228
technical-specifications__ts1-eudi-wallet-trust-mark	EUDI ARF v3.0.0 — technical-specifications/ts1-eudi-wallet-trust-mark.md	Specification of EUDI Wallet Trust Mark	commentary	in-force		v3.0.0@c64f2cbb19ae	eng	https://github.com/eu-digital-identity-wallet/eudi-doc-architecture-and-reference-framework/blob/v3.0.0/docs/technical-specifications/ts1-eudi-wallet-trust-mark.md	2026-07-31	text/markdown	326	e449ae0fa8686039590bd576da4897cf34a958becddcb9ca8f408c3eead25e56
technical-specifications__ts10-data-portability-and-download-(export)	EUDI ARF v3.0.0 — technical-specifications/ts10-data-portability-and-download-(export).md	Specification of Data Portability and Download (Export)	commentary	in-force		v3.0.0@c64f2cbb19ae	eng	https://github.com/eu-digital-identity-wallet/eudi-doc-architecture-and-reference-framework/blob/v3.0.0/docs/technical-specifications/ts10-data-portability-and-download-(export).md	2026-07-31	text/markdown	374	3b7457c1446b9c3fc17816f85b02164dd4c63dc79e16610187b70997deb9f4da
technical-specifications__ts11-interfaces-and-formats-for-catalogue-of-attributes-and-catalogue-of-schemes	EUDI ARF v3.0.0 — technical-specifications/ts11-interfaces-and-formats-for-catalogue-of-attributes-and-catalogue-of-schemes.md	Specification of interfaces and formats for catalogue of attributes and catalogue of attestations { #ts11 }	commentary	in-force		v3.0.0@c64f2cbb19ae	eng	https://github.com/eu-digital-identity-wallet/eudi-doc-architecture-and-reference-framework/blob/v3.0.0/docs/technical-specifications/ts11-interfaces-and-formats-for-catalogue-of-attributes-and-catalogue-of-schemes.md	2026-07-31	text/markdown	506	7fe4aa51bff37cab5b9c4ad44eabf984966784096103e197eaf770965c8aec54
technical-specifications__ts12-electronic-payments-SCA-implementation-with-wallet	EUDI ARF v3.0.0 — technical-specifications/ts12-electronic-payments-SCA-implementation-with-wallet.md	Specification of Strong Customer Authentication (SCA) Implementation with the Wallet	commentary	in-force		v3.0.0@c64f2cbb19ae	eng	https://github.com/eu-digital-identity-wallet/eudi-doc-architecture-and-reference-framework/blob/v3.0.0/docs/technical-specifications/ts12-electronic-payments-SCA-implementation-with-wallet.md	2026-07-31	text/markdown	444	96c9ffcd794db6d34095e76e00d6fb5ded40acf50e5f2fb50ec6b7f4cb759234
technical-specifications__ts13-zksnark	EUDI ARF v3.0.0 — technical-specifications/ts13-zksnark.md	Specification of Strong Customer Authentication (SCA) Implementation with the Wallet	commentary	in-force		v3.0.0@c64f2cbb19ae	eng	https://github.com/eu-digital-identity-wallet/eudi-doc-architecture-and-reference-framework/blob/v3.0.0/docs/technical-specifications/ts13-zksnark.md	2026-07-31	text/markdown	427	230ccc6fb72244baaa7e1821fe81795396d9d5ed343b3459c06f904d7b6e1d64
technical-specifications__ts14-zkps-from-mms	EUDI ARF v3.0.0 — technical-specifications/ts14-zkps-from-mms.md	Specification of Strong Customer Authentication (SCA) Implementation with the Wallet	commentary	in-force		v3.0.0@c64f2cbb19ae	eng	https://github.com/eu-digital-identity-wallet/eudi-doc-architecture-and-reference-framework/blob/v3.0.0/docs/technical-specifications/ts14-zkps-from-mms.md	2026-07-31	text/markdown	437	60b6613a2e3b2e8ad337d814f1bb0f8045713fcd52e9ce30ae49138e0e6e7478
technical-specifications__ts2-notification-publication-provider-information	EUDI ARF v3.0.0 — technical-specifications/ts2-notification-publication-provider-information.md	Specification of systems enabling the notification and subsequent publication of Provider information { #ts2 }	commentary	in-force		v3.0.0@c64f2cbb19ae	eng	https://github.com/eu-digital-identity-wallet/eudi-doc-architecture-and-reference-framework/blob/v3.0.0/docs/technical-specifications/ts2-notification-publication-provider-information.md	2026-07-31	text/markdown	481	c35f730be4694ca5d52f019ba4961878b75ab8f6eac2482b756279a8ef7bb27c
technical-specifications__ts3-wallet-unit-attestation	EUDI ARF v3.0.0 — technical-specifications/ts3-wallet-unit-attestation.md	Specification of Wallet Unit Attestations (WUA) used in issuance of PID and Attestations { #ts3 }	commentary	in-force		v3.0.0@c64f2cbb19ae	eng	https://github.com/eu-digital-identity-wallet/eudi-doc-architecture-and-reference-framework/blob/v3.0.0/docs/technical-specifications/ts3-wallet-unit-attestation.md	2026-07-31	text/markdown	433	49557d012e8331ff22385b328b1579c43aa4176515fb0283d7f4111f075558c5
technical-specifications__ts4-zkp	EUDI ARF v3.0.0 — technical-specifications/ts4-zkp.md	Specification of Zero-Knowledge Proof (ZKP) Implementation in EUDI Wallet	commentary	in-force		v3.0.0@c64f2cbb19ae	eng	https://github.com/eu-digital-identity-wallet/eudi-doc-architecture-and-reference-framework/blob/v3.0.0/docs/technical-specifications/ts4-zkp.md	2026-07-31	text/markdown	353	c5040526799c6901dd01bc5c73e2e42e43beade680703c4bb53c1c8eed6ebe43
technical-specifications__ts5-common-formats-and-api-for-rp-registration-information	EUDI ARF v3.0.0 — technical-specifications/ts5-common-formats-and-api-for-rp-registration-information.md	Specification of Common formats and API for Relying Party Registration information { #ts5 }	commentary	in-force		v3.0.0@c64f2cbb19ae	eng	https://github.com/eu-digital-identity-wallet/eudi-doc-architecture-and-reference-framework/blob/v3.0.0/docs/technical-specifications/ts5-common-formats-and-api-for-rp-registration-information.md	2026-07-31	text/markdown	453	2f9307acbf0b039d2538e9291fbe7e3a717cd4b01a8fbc531345c05e2afdda92
technical-specifications__ts6-common-set-of-rp-information-to-be-registered	EUDI ARF v3.0.0 — technical-specifications/ts6-common-set-of-rp-information-to-be-registered.md	Common Set of Relying Party Information to be Registered { #ts6 }	commentary	in-force		v3.0.0@c64f2cbb19ae	eng	https://github.com/eu-digital-identity-wallet/eudi-doc-architecture-and-reference-framework/blob/v3.0.0/docs/technical-specifications/ts6-common-set-of-rp-information-to-be-registered.md	2026-07-31	text/markdown	392	94122ba0de9ce363b6aa0e15637f74a17dbb98f7536b57d76dfbaa1b621453e3
technical-specifications__ts7-common-interface-for-data-deletion-request	EUDI ARF v3.0.0 — technical-specifications/ts7-common-interface-for-data-deletion-request.md	Specification of Common Interface for Data Deletion Requests to Relying Parties	commentary	in-force		v3.0.0@c64f2cbb19ae	eng	https://github.com/eu-digital-identity-wallet/eudi-doc-architecture-and-reference-framework/blob/v3.0.0/docs/technical-specifications/ts7-common-interface-for-data-deletion-request.md	2026-07-31	text/markdown	426	c4a151fd7a0fbe14c96c7baf2120c2ced7cbb7006b56f38b0fcef0bbc0f65663
technical-specifications__ts8-common-interface-for-reporting-of-wrp-to-dpa	EUDI ARF v3.0.0 — technical-specifications/ts8-common-interface-for-reporting-of-wrp-to-dpa.md	Specification of Common Interface for reporting of Relying Parties to Data Protection Authorities	commentary	in-force		v3.0.0@c64f2cbb19ae	eng	https://github.com/eu-digital-identity-wallet/eudi-doc-architecture-and-reference-framework/blob/v3.0.0/docs/technical-specifications/ts8-common-interface-for-reporting-of-wrp-to-dpa.md	2026-07-31	text/markdown	464	bbe6849e1e76c7686523fcb16db4b7ed0e62760e2e9404843b75ceadb26eba81
technical-specifications__ts9-wallet-to-wallet-interactions	EUDI ARF v3.0.0 — technical-specifications/ts9-wallet-to-wallet-interactions.md	Specification of Wallet to Wallet interactions	commentary	in-force		v3.0.0@c64f2cbb19ae	eng	https://github.com/eu-digital-identity-wallet/eudi-doc-architecture-and-reference-framework/blob/v3.0.0/docs/technical-specifications/ts9-wallet-to-wallet-interactions.md	2026-07-31	text/markdown	347	ae66b72d000d30d8e9bf4b17f25a155ebf12fadab9a9042f14e9632c80c2d86e
